reviewId,photoId,photo
7,1,http://dummyimage.com/188x100.png/ff4444/ffffff
4,2,http://dummyimage.com/155x100.png/ff4444/ffffff
9,3,http://dummyimage.com/233x100.png/dddddd/000000
9,4,http://dummyimage.com/243x100.png/dddddd/000000
27,5,http://dummyimage.com/148x100.png/5fa2dd/ffffff
19,6,http://dummyimage.com/137x100.png/ff4444/ffffff
28,7,http://dummyimage.com/242x100.png/ff4444/ffffff
5,8,http://dummyimage.com/191x100.png/ff4444/ffffff
22,9,http://dummyimage.com/211x100.png/cc0000/ffffff
17,10,http://dummyimage.com/240x100.png/ff4444/ffffff
38,11,http://dummyimage.com/214x100.png/dddddd/000000
12,12,http://dummyimage.com/163x100.png/5fa2dd/ffffff
37,13,http://dummyimage.com/228x100.png/5fa2dd/ffffff
18,14,http://dummyimage.com/175x100.png/cc0000/ffffff
15,15,http://dummyimage.com/164x100.png/dddddd/000000
38,16,http://dummyimage.com/155x100.png/cc0000/ffffff
13,17,http://dummyimage.com/135x100.png/ff4444/ffffff
1,18,http://dummyimage.com/197x100.png/5fa2dd/ffffff
7,19,http://dummyimage.com/179x100.png/5fa2dd/ffffff
5,20,http://dummyimage.com/200x100.png/cc0000/ffffff
20,21,http://dummyimage.com/150x100.png/5fa2dd/ffffff
31,22,http://dummyimage.com/226x100.png/ff4444/ffffff
5,23,http://dummyimage.com/227x100.png/cc0000/ffffff
29,24,http://dummyimage.com/151x100.png/5fa2dd/ffffff
35,25,http://dummyimage.com/149x100.png/dddddd/000000
22,26,http://dummyimage.com/106x100.png/5fa2dd/ffffff
15,27,http://dummyimage.com/173x100.png/dddddd/000000
37,28,http://dummyimage.com/212x100.png/cc0000/ffffff
14,29,http://dummyimage.com/235x100.png/ff4444/ffffff
17,30,http://dummyimage.com/193x100.png/5fa2dd/ffffff
4,31,http://dummyimage.com/178x100.png/dddddd/000000
15,32,http://dummyimage.com/115x100.png/ff4444/ffffff
38,33,http://dummyimage.com/177x100.png/ff4444/ffffff
24,34,http://dummyimage.com/140x100.png/ff4444/ffffff
19,35,http://dummyimage.com/101x100.png/dddddd/000000
34,36,http://dummyimage.com/221x100.png/dddddd/000000
13,37,http://dummyimage.com/121x100.png/5fa2dd/ffffff
1,38,http://dummyimage.com/231x100.png/cc0000/ffffff
36,39,http://dummyimage.com/172x100.png/dddddd/000000
30,40,http://dummyimage.com/206x100.png/5fa2dd/ffffff
32,41,http://dummyimage.com/220x100.png/ff4444/ffffff
26,42,http://dummyimage.com/112x100.png/ff4444/ffffff
31,43,http://dummyimage.com/203x100.png/ff4444/ffffff
35,44,http://dummyimage.com/143x100.png/dddddd/000000
21,45,http://dummyimage.com/217x100.png/5fa2dd/ffffff
16,46,http://dummyimage.com/165x100.png/cc0000/ffffff
4,47,http://dummyimage.com/245x100.png/5fa2dd/ffffff
10,48,http://dummyimage.com/127x100.png/5fa2dd/ffffff
28,49,http://dummyimage.com/121x100.png/dddddd/000000
14,50,http://dummyimage.com/180x100.png/cc0000/ffffff
